retainedID_x,resSF.pdb.pairA_x,resSF.pdb.pairA.sequence,resSF.pdb.pairB_x,resSF.pdb.pairB.sequence,pdb_id,chain,Dataset,Observations,Unip.chain.pairA,Unip.chain.pairB,pair.orig.Chen,pair.Anas.file,IN.orig.Chen,In.Anas,To.retain4predictor,retainedID_y,resSF.pdb.pairA_y,resSF.pdb.pairB_y,comments,pdb_idB,chainB
47,45-98,KNVNSETRTVTATHSIGSTISTGDAFEIGSVEVSYSHSHEESQVSMTETEVYES,45-99,KNVNSETRTVTATHSIGSTISTGDAFEIGSVEVSYSHSHQKSQVSMTQTEVYSSK,3ZXG,B,ChenS1,100% seq.id,O18423,O18423,49,2,Y,Y,Y,47,45-98,45-99,,5EC5,P
21,1-152,ATKVVCVLKGDGPVQGIINFEQKESNGPVKVWGSIKGLTEGLHGFHVHEFGDNTAGCTSAGPHFNPLSRKHGGPKDEERHVGDLGNVTADKDGVADVSIEDSVISLSGDHCIIGRTLVVHEKADDLGKGGNEESTKTGNAGSRLACGVIGIA,1-152,ATKAVCVLKGDGPVQGIINFEQKESNGPVKVWGSIKGLTEGLHGFHVHEFGDNTAGCTSAGPHFNPLSRKHGGPKDEERHVGDLGNVTADKDGVADVSIEDSVISLSGDHCIIGRTLVVHEKADDLGKGGNEESTKTGNAGSRLACGVIGIA,1UXM,K,ChenS1,100% seq.id,P00441,P00441,23,3,Y,Y,Y,21,1-152,1-152,,2NAM,A
63,100-152,DYYPRNSIDTKEYMSTLTYGFNGNVTGDDTGKIGGLIGANVSIGHTLKYVQPD,100-152,DYYPRNSIDTKEYMSTLTYGFNGNVTGDDTGKIGGLIGANVSIGHTLKYVQPD,4YHD,G,ChenS1,100% seq.id,P09616,P09616,66,4,Y,Y,Y,63,100-152,100-152,,7AHL,E
64,156-283,HSMEQLKVKFGSAFEKTGNSLDIDFNSVHSGEKQIQIVNFKQIYYTVSVDAVKNPGDVFQDTVTVEDLKQRGISAERPLVYISSVAYGRQVYLKLETTSKSDEVEAAFEALIKGVKVAPQTEWKQILD,156-283,HSMEQLKVKFGSDFEKAANSLDIDFNAVHSGEKQIQIVNFKQIYYTVSVDAVKNPGDVFQDTVTVEDLKQRGISAERPLVYISSVAYGRQVYLKLETTSKSDEVQAAFEAAILGVKVAPQTQWKQILD,5AOE,B,ChenS1,100% seq.id,Q7ZAK5,Q04IN8,67,5,Y,Y,Y,64,156-283,156-283,,5LY6,B
8,313-362,SGISSAESLKISQAVHAAHAEINEAGTEVVGSAEAGVDAASVSEEFRADH,319-369,SGISSAESLKISQAVHAAHAEINEAGREVVG?AEAGVDAASVSEEFRADHP,1JTI,B,ChenS1,100% seq.id,P01012,P01012,10,6,Y,Y,Y,8,313-362,319-369,,1OVA,A
79,165-202,EKWEESGPQFITNSEEVRLRSFTTTIHKVNSMVAYKIP,165-202,EKWEESGPQFITNSEEVRLRSFTTTIHKVNSMVAYKIP,2VFX,L,ChenS1,100% seq.id,Q13257,Q13257,84,7,Y,Y,Y,79,165-202,165-202,,3GMH,L
39,51-96,HSDLSFSKDWSFYLLYYTEFTPTEKDEYACRVNHVTLSQPKIVKWD,51-96,HSDLSFSKDWSFYLLYYTEFTPTEKDEYACRVNHVTLSQPKIVKWD,3LOW,A,ChenS1,100% seq.id,P61769,P61769,41,8,Y,Y,Y,39,51-96,51-96,,3M1B,F
34,23-42,DKLALFLKVFGGEVLTAFAR,22-42,GDKLALFLKVFGGEVLTAFAR,3J7V,G,ChenS1,100% seq.id,P19726,P19726,36,9,Y,Y,Y,34,23-42,22-42,N-term helix?,3J7W,B
31,1-66,PVFAKAIQKRVPCAYDKTALALEVGDIVKVTRMNINGQWEGEVNGRKGLFPFTHVKIFDPQNDEN,237-298,PVFAKAIQKRVPCAYDKTALALEVGDIVKVTRMNINGQWEGEVNGRKGLFPFTHVKIFDPQN,2BZY,B,ChenS1,100% seq.id,P46109,P46109,33,10,Y,Y,Y,31,1-66,237-298,movement bc partial helix,2LQW,A
22,143-177,NINKLKSSIESTNEAVVKLQETAEKTVYVLTALQD,143-177,NINKLKSSIESTNEAVVKLQETAEKTVYVLTALQD,1WP8,C,ChenS1,100% seq.id,O89342,O89342,24,11,Y,Y,Y,22,143-177,143-177,,5EJB,C
5,73-153,VEGRIQDLEKYVEDTKIDLWSYNAELLVALENQHTIDLTDSEMNKLFEKTRRQLRENAEEMGNGCFKIYHKCDNACIESIR,73-171,VEGRIQDLEKYVEDTKIDLWSYNAELLVALENQHTIDLTGSEMNKLFEKTRRQLRENAEEMGNGCFKIYHKCDNACIESIRNGTYDHDVYRDEALNNRF,1HTM,B,ChenS1,100% seq.id,P03437,P03437,7,13,Y,Y,Y,5,73-153,73-171,,5HMG,B
67,2-26,ADSTITIRGYVRDNGCSVAAESTNF,1-25,ADSTITIRGYVRDNGCSVAAESTNF,2JMR,A,ChenS1,100% seq.id,P08189,P08189,71,14,Y,Y,Y,67,2-26,1-25,N-terminal-short E?,4J3O,F
12,9-29,DDVANIMFYGEGEVGDNHQKF,9-29,DDVANIMFYGEGEVGDNHQKF,1MIQ,B,ChenS1,100% seq.id,O60989,O60989,14,16,Y,Y,Y,12,9-29,9-29,tubos raros,1QS8,B
55,136-131,,136-131,,4N9W,A,ChenS1,100% seq.id,A0QWG6,A0QWG6,57,17,Y,Y,Y,55,136-131,136-131,looks a problem with tmissing residues,4NC9,C
6,15-41,QKLVFFAEDVGSNKGAIIGLMVGGVVI,15-41,QKLVFFAEDVGSNKGAIIGLMVGGVVI,1IYT,A,ChenS1,100% seq.id,P05067,P05067,8,19,Y,Y,Y,6,15-41,15-41,helix to coil,2NAO,F
84,305-335,IFSAPNYLDVYNNKAAVLKYENNVMNIRQFN,305-335,IFSAPNYLDVYNNKAAVLKYENNVMNIRQFN,5C1V,A,ChenS1,100% seq.id,Q08209,Q08209,89,20,Y,Y,Y,84,305-335,305-335,,5C1V,B
76,51-98,PQLAEEDKILATPTLAKVLPPPVRRIIGDLSNREKVLIGLDLLYEEIG,51-98,PQLAEEDKILATPTLAKVLPPPVRRIIGDLSNREKVLIALRLLAEEIG,2QKE,A,ChenS1,100% seq.id,Q79V61,Q79V61,81,22,Y,Y,Y,76,51-98,51-98,large  displacememt?,5JYT,A
28,316-334,STASWEGRADFSQADVHRQ,316-334,STASWEGRADFSQADVHRQ,1ZK9,A,ChenS1,100% seq.id,Q04863,Q04863,30,24,Y,Y,Y,28,316-334,316-334,binding of SO4 closes the structure,3JV6,A
89,10-30,QRLANFLVHSSNNFGAILSST,10-30,QRLANFLVHSSNNFGAILSST,5K5G,A,Porter.notChen,"In Porter, not in Chen",P10997,P10997,-,25,N,Y,Y,89,10-30,10-30,"very short, drastic change",2KB8,A
58,235-252,IETGVIFLINDGIDRGLW,249-501,ILVKYRH?SVPPES,4Q79,F,ChenS1,100% seq.id,A0A0F6C2F5,P0AEA2,60,26,Y,Y,Y,58,235-252,249-501,missing strcuture parts,4UV2,D
3,54-98,IEGLRQLANETTQALQLFLRATTELRTFSILNRKAIDFLLQRWGG,544-579,IEGLMHNQDGLICGLRQLANETTQALQLFLRATTEL,1EBO,E,ChenS1,98% seq.id,O11457,Q05320,3,28,Y,Y,Y,3,54-98,544-579,,5FHC,J
20,145-184,QKTNAAVADVVQATQSLGTAVQAVQDHINSVVSPAITAAN,145-184,QKTNAAVADVVQATQSLGTAVQAVQDHINSVVSPAITAAN,1SVF,C,ChenS1,100% seq.id,P04849,P04849,22,29,Y,Y,Y,20,145-184,145-184,not sure if missing sequences around,4WSG,C
15,895-906,EKLKEKENNDSS,895-906,EKLKEKENNDSS,1NQD,A,ChenS1,100% seq.id,Q9X721,Q9X721,17,30,Y,Y,Y,15,895-906,895-906,"different binding to different ions, ClLi2, ca2, from Turn to helix",1NQJ,B
78,8-30,QGKVTFNNTVVDAPCSISQKSAD,6-30,QGQGKVTFNGTVVDAPCSISQKSAD,2UY7,D,ChenS1,100% seq.id,P04127,P04127,83,31,Y,Y,Y,78,8-30,6-30,NT beta-helix,5FLU,E
17,91-105,HAPEPHILLFKRPLN,91-105,HAAEPHILLFKRPLN,1QB3,A,ChenS1,100% seq.id,P20486,P20486,19,32,Y,Y,Y,17,91-105,91-105,CT beta to helix,3QY2,A
70,101-161,PKDIVDPATPYPGDKVIITEGAFEGFQAIFTEPDGEARSMLLLNLINKEIKHSVKNTEFRK,115-157,KVIITEGAFEGFQAIFTEPDGEARSMLLLNLINKEIKHSVKNT,2LCL,A,ChenS1,100% seq.id,P0AFW0,P0AFW0,74,33,Y,Y,Y,70,101-161,115-157,"from all helix to all beta, but missing parts",2OUG,C
14,459-479,VPPVSGSITPVFHQEMLNYVL,459-479,VPPVSGSITPVFHQEMLNYVL,1NOC,A,ChenS1,100% seq.id,P29477,P29477,16,34,Y,Y,Y,14,459-479,459-479,Nice example,1QOM,B
16,77-95,DYDGSGVTLVDFPGHVKLR,77-95,DYDGSGVTLVDFPGHVKLR,1NRJ,B,ChenS1,100% seq.id,P36057,P36057,18,36,Y,Y,Y,16,77-95,77-95,"GTPASE???'differences, due to gtp binding",2GED,B
2,410-443,PGGTLEDTYRFVTSQAIACQKHTPPAPKEDPLKK,410-443,PGGTLEDTYRFVTSQAIACQKHTPPAPKEDPLKK,1DZL,A,ChenS1,100% seq.id,P03101,P03101,2,37,Y,Y,Y,2,410-443,410-443,HELIX TURN,5KEQ,F
59,75-95,KYGKYHINEFEEELLFLFPNK,75-95,KYGKYHINEFEEELLFLFPNK,4QHF,A,ChenS1,100% seq.id,Q58610,Q58610,61,41,Y,Y,Y,59,75-95,75-95,Nice example,4QHH,A
48,232-265,GYFPFGVREDPGPVVRPVDDTGRYKVTSTAADKY,232-265,GYFPFGVREDPGPVVRPVDDTGRYKVTSTAADKY,4AAL,A,ChenS1,100% seq.id,Q74FY6,Q74FY6,50,42,Y,Y,Y,48,232-265,232-265,,4AAN,A
24,1-36,MVELTPAAIQELERLQTHGVRRGQAAILRIQVQPSE,1-36,MVELTPAAIQELERLQTHGVRRGQAAILRIQVQPSE,1X0G,A,ChenS1,100% seq.id,Q8DLM0,Q8DLM0,26,43,Y,Y,Y,24,1-36,1-36,,1X0G,B
13,116-129,FNVVTQDMINKSTK,116-129,FNVVTQDMINKSTK,1MNM,C,ChenS1,100% seq.id,P0CY08,P0CY08,15,45,Y,Y,Y,13,116-129,116-129,"helix to beta, nice",1MNM,D
53,50-69,KEVLASSQEALVVTERKYLK,50-69,KEVLASSQEALVVTERKYLK,4JPH,B,ChenS1,100% seq.id,O88273,O88273,55,47,Y,Y,Y,53,50-69,50-69,maybe the binding of molecules stabilise,5HK5,H
91,31-43,LSEEDLQFAERYL,31-43,LSEEDLQFAERYL,4FU4,C,Porter.notChen,"In Porter, not in Chen",P45452,P45452,-,50,N,Y,Y,91,31-43,31-43,very small fron coild to helix,4G0D,Z
4,589-611,GTDNEVVTVTDENTGEISEKVKL,589-611,GTDNEVVTVTDENTGEISEKVKL,1H38,D,ChenS1,100% seq.id,P00573,P00573,6,51,Y,Y,Y,4,589-611;164-190,589-611;164-190,2 regions!!!!,1QLN,A
4,164-190,KNVEEQLNKRVGHVYKKAFMQVVEADM,164-190,KNVEEQLNKRVGHVYKKAFMQVVEADM,1H38,D,ChenS1,100% seq.id,P00573,P00573,6,51,Y,Y,Y,4,589-611;164-190,589-611;164-190,2 regions!!!!,1QLN,A
26,39-65,GNAEGCRRDPY?CPAGVWTDGIGNTHG,39-65,GNAEGCRRDPYMCPAGVWTDGIGNTHG,1XJT,A,ChenS1,100% seq.id,Q37875,Q37875,28,53,Y,Y,Y,26,39-65,39-65,missing regions,1XJU,B
40,401-431,WWTEYWQATWIPEWEFVNTPPLVKLWYQLEK,401-431,WWTEYWQATWVPEWEFVNTPPLVKLWYQLEK,3MEE,A,ChenS1,100% seq.id,P04585,P04585,42,55,Y,Y,Y,40,401-431,401-431, has an insertion in 214-230 which changes the whole arrangement,4B3O,B
62,335-366,FSPEVAWVTKYGDSNLPEEIAIRPTSETIMYS,335-366,FSPEVAWVTKYGDSNLPEEIAIRPTSETIMYS,4TWA,A,ChenS1,100% seq.id,Q8I5R7,Q8I5R7,64,56,Y,Y,Y,62,335-366,335-366,missing region there,4YDQ,B
81,516-536,DQCIVDDITYNVQDTFHKKHE,516-536,DQCIVDDITYNVNDTFHKRHE,3EJH,A,ChenS1,100% seq.id,P02751,P02751,86,57,Y,Y,Y,81,516-536,516-536,,3M7P,A
9,36-78,LKGVTFNVTTVDTKRRTETVQKLCPGGELPFLLYGTEVHTDTN,36-79,LKGVTFNVTTVDTKRRTETVQKLCPGGQLPFLLYGTEVHTDTNK,1K0N,A,ChenS1,100% seq.id,O00299,O00299,11,58,Y,Y,Y,9,36-78,36-79,,1RK4,B
27,17-39,STHCAENLLKADTYRKWRAAKAG,17-39,STHCAENLLKADTYRKWRAAKAG,1XNT,A,ChenS1,100% seq.id,P18887,P18887,29,59,Y,Y,Y,27,17-39,17-39,,3LQC,A
30,293-306,KEVT?YYENYVAIE,293-315,KEVTMYYENYVAIENNPIPEIKE,2AXZ,A,ChenS1,100% seq.id,Q04114,Q04114,32,60,Y,Y,Y,30,293-306,293-315,,2GRM,B
52,46-60,SPVCTKELCTFRDKM,46-60,SPVCTKELCTFRDKM,4GQC,B,ChenS1,100% seq.id,Q9YA14,Q9YA14,54,61,Y,Y,Y,52,46-60,46-60,,4GQC,C
56,466-479,RHSFDTYLEEKRGY,466-479,RHSFDTYLEEKRGY,4O01,A,ChenS1,100% seq.id,Q9RZA4,Q9RZA4,58,62,Y,Y,Y,56,466-479,466-479,Nice example,4O0P,A
51,558-587,VISTRCSETYETKTALLSLFGIPLWYHSQS,558-587,VISTRCSETYETKTALLSLFGIPLWYHSQS,4DXR,A,ChenS1,100% seq.id,Q9UH99,Q9UH99,53,63,Y,Y,Y,51,558-587,558-587,Nice example,4DXT,A
66,50-71,DPQATWVRDCVRSMDRKSNTRN,250-266,DPQATWVRDVVRSMDRK,2HDM,A,ChenS1,100% seq.id,P47992,P47992,70,65,Y,Y,Y,66,50-71,250-266,Nice example,2N54,B
74,1023-1039,GRVDNVEKKTGFKDIVT,4023-4039,GRVDNVEKKTGFKDIVT,2P3V,A,ChenS1,100% seq.id,O33832,O33832,79,67,Y,Y,Y,74,1023-1039,4023-4039,peqnno cambio,2P3V,D
46,2-15,ADVAGAVIDGAGLG,4-15,VAGAVIDGAGLG,3ZWG,N,ChenS1,100% seq.id,B9W5G6,B9W5G6,48,68,Y,Y,Y,46,2-15,4-15,,4TSY,D
82,74-81,TNQVEVLQ,74-84,TNQVEVLQRDP,3EWS,B,ChenS1,100% seq.id,Q9UMR2,Q9UMR2,87,69,Y,Y,Y,82,74-81,74-84,missing data in the region,3G0H,A
43,3-45,SWRDKSAKVQVKESELPSSIPAQTGLTFNIWYNKWSQGFAGNT,3-45,SWRDKSAKVQVKESELPSSIPAQTGLTFNIWYNKWSQGFAGNT,3TP2,A,ChenS1,100% seq.id,Q12046,Q12046,45,70,Y,Y,Y,43,3-45,3-45,Nice example,5LJ3,M
75,10-34,FVDVVSCPKLEQELYLDPDQVTDYL,10-34,FVDVVS?PKLEQELYLDPDQVTDYL,2PBK,B,ChenS1,99% seq.id,Q2HRB6,P88911,80,71,Y,Y,Y,75,10-34,10-34,unsure.,3NJQ,A
60,628-642,ISGDSDANAEIKLLS,628-642,ISGDSDANAEIKLLS,4RMB,A,ChenS1,100% seq.id,Q8E473,Q8E473,62,72,Y,Y,Y,60,628-642,628-642,unsure. Very small change,4RMB,B
65,446-463,IPRGYKALGYTLHLPEED,446-463,IPRGYKALGYTLHLPEED,2CE7,C,ChenS1,100% seq.id,Q9WZ49,Q9WZ49,69,73,Y,Y,Y,65,446-463,446-463,,3KDS,G
10,281-391,RRSASLHLPKLSITGTYDLKSVLGQLGITKVFSNGADLSGVTEEAPLKLSKAVHKAVLTIDEKGTEAAGAMFLEAIPMSIPPEVKFNKPFVFLMIEQNTKSPLFMGKVVNP,281-391,RRSASLHLPKLCITGTYDLKSVLGQLGITKVFSNGADLSGVTEEAPLKLSKAVHKAVLCIDEKGTEAAGAMFLEAIPRSIPPEVKFNKPFVFLMIEQNTKSPLFMGKVVNP,1KCT,A,ChenS1,100% seq.id,P01009,P01009,12,75,Y,Y,Y,10,281-391,281-391,old structure.,3T1P,A
80,179-195,AGAAAGVVAGPFGLIIS,179-195,AGAAAGVVAGPFGLIIS,2WCD,X,ChenS1,100% seq.id,P77335,P77335,85,74,Y,Y,Y,80,179-195,179-195,,4PHQ,A
88,179-210,ADAQTGLHASDQLVRTAWENAQIPTNFGGIRA,179-210,ADAQTGLHASDQLVRTAWENAQIPTNFGGIRA,5L35,D,ChenS1,100% seq.id,Q716H0,Q716H0,93,78,Y,Y,Y,88,179-210,179-210,,5L35,G
86,383-410,PLYMIGHGMLDSDLHLSSKAQVFEHPHI,383-410,PLYMIGHGMLDSDLHLSSKAQVFEHPHI,5I2M,A,ChenS1,100% seq.id,P0C2X0,P0C2X0,91,79,Y,Y,Y,86,383-410,383-410,big changes in other areas as well,5I2S,A
85,83-106,GSTSKHEFQAETKKLLDIVARSLY,83-106,GSTSKHEFQAETKKLLDIVARSLY,5F3K,A,ChenS1,100% seq.id,Q12931,Q12931,90,80,Y,Y,Y,85,83-106,83-106,,5F5R,B
87,215-278,YDVTLRGDTATNWSKTNTYGLSEKVTTKNKFKWPLVGETELSIEIAANQSWASQNGGSTTTSLS,215-278,YDVTLRYDTATNWSKTNTYGLSEKVTTKNKFKWPLVGETELSIEIAANQSWASQNGGSTTTSLS,5JZH,A,ChenS1,100% seq.id,P09167,P09167,92,82,Y,Y,Y,87,215-278,215-278,spectacular change of sheets,5JZT,G
57,253-266,VVDGLEKAIYKGPG,253-266,VVDGLEKAIYKGPG,4PYI,A,ChenS1,100% seq.id,P21964,P21964,59,83,Y,Y,Y,57,253-266,253-266,diff binding molecules,4PYJ,A
41,358-407,RNHLRDLMGVPYCNYSKFWYLEHAKTGETSVPKCWLVTNGSYLNETHFSD,358-407,RNHLRDLMGVPYCNYSKFWYLEHAKTGETSVPKCWLVTNGSYLNETHFSD,3MKO,A,ChenS1,100% seq.id,P07399,P07399,43,84,Y,Y,Y,41,358-407,358-407,big changes,5INE,A
11,908-919,QLLSSILLMFSN,956-964,SSILLMFSN,1MBY,A,ChenS1,79% seq.id,Q64702,O00444,13,85,Y,Y,Y,11,908-919,956-964,,4YYP,A
29,1462-1498,NLEESCTRFYHPEKEDGKLNKLCRDELCRCAEENCFI,1462-1498,NLEESCTRFYHPEKEDGKLNKLCRDELCRCAEENCFI,2A73,B,ChenS1,100% seq.id,P01024,P01024,31,86,Y,Y,Y,29,1462-1498,1462-1498,they do not align at all!,3L5N,B
68,49-70,GTKIIMKGNEIFRLDEALRKGH,49-70,GTKIIMKGNEIFRLDEALRKGH,2K0Q,A,ChenS1,100% seq.id,Q58AD3,Q58AD3,72,87,Y,Y,Y,68,49-70,49-70,Nice example,2LEL,A
44,205-219,SPIGRGLFAGKAIKE,205-219,SPIGRGLFWGKAIKE,3UYI,A,ChenS1,100% seq.id,Q3L181,Q3L181,46,88,Y,Y,Y,44,205-219,205-219,Nice example,3V0T,A
42,224-240,TAEDDLKTDFYKDLTSL,245-261,TAEDDLKTDFYKDLTSL,3T5O,A,ChenS1,100% seq.id,P13671,P13671,44,89,Y,Y,Y,42,224-240,245-261,missing data after  the region,4A5W,B
19,656-676,DHRGVNNSYIQRSEHPLAQLY,656-676,DHRGVNNSYIQRSEHPLAQLY,1RKP,A,ChenS1,100% seq.id,O76074,O76074,21,90,Y,Y,Y,19,656-676,656-676,Nice example,2H44,A
18,139-156,FIGLQNRFTQFRLSETKE,139-165,FIGLQNRFTQFRLSETKEITNPYAMRL,1REP,C,ChenS1,100% seq.id,P03856,P03856,20,93,Y,Y,Y,18,139-156,139-165,creates an overall different folding,2Z9O,B
69,1-138,MDVFMKGLSKAKEGVVAAAEKTKQGVAEAAGKTKEGVLYVGSKTKEGVVHGVATVAEKTKEQVTNVGGAVVTGVTAVAQKTVEGAGSIAAATGFVKKDQLGKNEEGAPQEGILEDMPVDPDNEAYEMPSEEGYQDYEP,1-138,MDVFMKGLSKAKEGVVAAAEKTKQGVAEAAGKTKEGVLYVGSKTKEGVVHGVATVAEKTKEQVTNVGGAVVTGVTAVAQKTVEGAGSIAAATGFVKKDQLGKNEEGAPQEGILEDMPVDPDNEAYEMPSEEGYQDYEP,2KKW,A,ChenS1,100% seq.id,P37840,P37840,73,95,Y,Y,Y,69,1-138,1-138,IDP???- all coiled-heliz,2N0A,D
54,153-168,SFTQVDIGDRIMKLNT,153-168,SFTQVDIGDRIMKLNT,4M4R,A,ChenS1,100% seq.id,P54764,P54764,56,96,Y,Y,Y,54,153-168,153-168,Nice example,4W50,B
